Letra,Condición,Definición,Respuesta,Tema,Nivel
A,Empieza,Conjunto de tres o más notas que suenan simultáneamente.,Acorde,Música,Fácil
A,Empieza,Aparato que sirve para poner en el tono correcto un instrumento.,Afinador,Música,Fácil
B,Empieza,Agrupación musical formada principalmente por instrumentos de viento y percusión.,Banda,Música,Fácil
B,Empieza,"Instrumento de percusión formado por una caja, bombos y platillos.",Batería,Música,Fácil
C,Empieza,Persona que hace música utilizando su propia voz.,Cantante,Música,Fácil
C,Empieza,Agrupación de personas que cantan simultáneamente una misma pieza.,Coro,Música,Fácil
D,Empieza,Persona que guía y coordina a los músicos de una orquesta.,Director,Música,Fácil
D,Empieza,"Soporte físico, como el vinilo o el CD, donde se graba música.",Disco,Música,Fácil
E,Empieza,Lugar físico y elevado donde actúan los músicos en un concierto.,Escenario,Música,Fácil
E,Empieza,Parte de una canción que más se repite y que suele ser la más pegadiza.,Estribillo,Música,Fácil
F,Empieza,Evento donde actúan varios grupos o artistas durante uno o varios días.,Festival,Música,Fácil
F,Empieza,Instrumento de viento con forma de tubo que se toca soplando por un extremo o por un lateral.,Flauta,Música,Fácil
G,Empieza,Viaje de un artista o grupo por distintas ciudades para dar conciertos.,Gira,Música,Fácil
G,Empieza,"Instrumento de cuerda pulsada, muy popular, que suele tener seis cuerdas.",Guitarra,Música,Fácil
H,Empieza,"Subgénero del rock muy intenso y ruidoso, conocido como ""... metal"".",Heavy,Música,Fácil
H,Empieza,"Composición solemne que representa a un país, región o equipo.",Himno,Música,Fácil
I,Empieza,Objeto diseñado y utilizado específicamente para producir música.,Instrumento,Música,Fácil
I,Empieza,Persona que toca un instrumento musical o canta en un escenario.,Intérprete,Música,Fácil
J,Empieza,"Género musical nacido en EE. UU., muy conocido por usar el saxofón y la improvisación.",Jazz,Música,Fácil
J,Empieza,"Baile y canto tradicional muy popular en varias regiones de España, como Aragón.",Jota,Música,Fácil
K,Empieza,Diversión que consiste en cantar leyendo la letra sobre una pista musical pregrabada.,Karaoke,Música,Fácil
K,Empieza,"Género de música pop originario de Corea del Sur, famoso por sus coreografías.",K-pop,Música,Fácil
L,Empieza,Tempo musical que indica una velocidad pausada y tranquila.,Lento,Música,Fácil
L,Empieza,Texto o palabras que acompañan a la música de una canción.,Letra,Música,Fácil
M,Empieza,Aparato electrónico que sirve para amplificar la voz del cantante.,Micrófono,Música,Fácil
M,Empieza,Persona que se dedica profesionalmente a componer o tocar música.,Músico,Música,Fácil
N,Empieza,Canción de cuna suave y relajante para que se duerman los bebés.,Nana,Música,Fácil
N,Empieza,"Signo gráfico que representa un sonido musical, como Do, Re o Mi.",Nota,Música,Fácil
Ñ,Contiene,Parte musical que sirve de fondo y apoyo a la melodía principal.,Acompañamiento,Música,Fácil
Ñ,Contiene,"Instrumento de percusión de madera, que se toca con los dedos, típico del folclore español.",Castañuelas,Música,Fácil
O,Empieza,Obra teatral clásica donde los actores cantan sus papeles en lugar de hablarlos.,Ópera,Música,Fácil
O,Empieza,"Conjunto numeroso de músicos que tocan juntos instrumentos de cuerda, viento y percusión.",Orquesta,Música,Fácil
P,Empieza,Texto de una composición musical escrito sobre un pentagrama.,Partitura,Música,Fácil
P,Empieza,Instrumento de teclado con cuerdas golpeadas en su interior.,Piano,Música,Fácil
Q,Contiene,Persona a la que le gusta mucho escuchar o tocar música rock.,Roquero,Música,Fácil
Q,Contiene,"Acción de hacer sonar un instrumento, como el ""... de campanas"".",Toque,Música,Fácil
R,Empieza,Orden y proporción de los sonidos en el tiempo; el pulso de la canción.,Ritmo,Música,Fácil
R,Empieza,Género musical al que pertenecen bandas legendarias como The Beatles o Queen.,Rock,Música,Fácil
S,Empieza,Composición musical extensa y compleja escrita para ser tocada por una orquesta.,Sinfonía,Música,Fácil
S,Empieza,Músico o cantante que actúa solo o tiene el papel principal en una pieza.,Solista,Música,Fácil
T,Empieza,Instrumento de percusión cilíndrico que se golpea con palillos o baquetas.,Tambor,Música,Fácil
T,Empieza,Instrumento de viento metal que suele tener tres pistones.,Trompeta,Música,Fácil
U,Empieza,"Instrumento de cuerda similar a una guitarra pequeña, típico de la música hawaiana.",Ukelele,Música,Fácil
U,Empieza,Efecto que se produce cuando varias voces o instrumentos suenan exactamente en la misma nota.,Unísono,Música,Fácil
V,Empieza,"Instrumento de cuerda frotada, el más pequeño de su familia, que se apoya en el hombro.",Violín,Música,Fácil
V,Empieza,Sonido emitido por las cuerdas vocales que el cantante utiliza como instrumento.,Voz,Música,Fácil
W,Contiene,"Espectáculo en vivo, a menudo con gran despliegue visual de luces y música.",Show,Música,Fácil
W,Contiene,Estilo de jazz muy rítmico y bailable nacido en la década de 1930.,Swing,Música,Fácil
X,Contiene,"Instrumento de viento metal, curvado, muy utilizado en el jazz y patentado por Adolphe Sax.",Saxofón,Música,Fácil
X,Empieza,Instrumento de percusión formado por láminas de madera afinadas que se golpean con mazos.,Xilófono,Música,Fácil
Y,Contiene,Práctica preparatoria que realizan los músicos antes de presentarse en directo.,Ensayo,Música,Fácil
Y,Contiene,Simulación de estar cantando o tocando mientras realmente suena una pista de audio grabada.,Playback,Música,Fácil
Z,Contiene,Sucesión de movimientos del cuerpo realizados al ritmo de la música.,Danza,Música,Fácil
Z,Empieza,Género musical escénico tradicional de España que mezcla partes cantadas y habladas.,Zarzuela,Música,Fácil
A,Empieza,Sucesión de los sonidos de un acorde tocados uno tras otro.,Arpegio,Música,Medio
A,Empieza,"Composición musical escrita para una sola voz, típica de la ópera.",Aria,Música,Medio
B,Empieza,"Voz masculina de registro medio, situada entre el tenor y el bajo.",Barítono,Música,Medio
B,Empieza,Palo corto con el que el director marca el compás a la orquesta.,Batuta,Música,Medio
C,Empieza,Entidad métrica musical compuesta por varias unidades de tiempo.,Compás,Música,Medio
C,Empieza,Signo que se coloca al principio del pentagrama para dar nombre a las notas.,Clave,Música,Medio
D,Empieza,Instrumento metálico en forma de horquilla que al vibrar da un tono puro para afinar.,Diapasón,Música,Medio
D,Empieza,Mezcla de sonidos que resultan faltos de armonía o crean tensión acústica.,Disonancia,Música,Medio
E,Empieza,Sucesión ordenada de notas musicales.,Escala,Música,Medio
E,Empieza,Pieza musical compuesta para perfeccionar una técnica instrumental específica.,Estudio,Música,Medio
F,Empieza,Técnica vocal que permite alcanzar notas más agudas que el registro natural.,Falsete,Música,Medio
F,Empieza,Pieza musical polifónica donde un tema se repite y desarrolla por diferentes voces.,Fuga,Música,Medio
G,Empieza,Deslizamiento rápido de un tono a otro continuo a través de los tonos intermedios.,Glissando,Música,Medio
G,Empieza,Música religiosa de origen afroamericano caracterizada por su energía y coros.,Góspel,Música,Medio
H,Empieza,"Danza de origen cubano, de compás binario y ritmo pausado.",Habanera,Música,Medio
H,Empieza,Textura musical en la que varias voces se mueven simultáneamente con los mismos ritmos.,Homofonía,Música,Medio
I,Empieza,Distancia de altura que hay entre dos notas musicales.,Intervalo,Música,Medio
I,Empieza,Creación musical espontánea que se realiza en el momento de la interpretación.,Improvisación,Música,Medio
J,Empieza,Melodía publicitaria corta y fácil de recordar.,Jingle,Música,Medio
J,Empieza,Encuentro informal de músicos para tocar e improvisar sin ensayo previo.,Jam,Música,Medio
K,Empieza,Instrumento de viento pequeño que modifica la voz humana al zumbar en él.,Kazoo,Música,Medio
K,Empieza,Teclado electrónico que se cuelga al cuello como si fuera una guitarra.,Keytar,Música,Medio
L,Empieza,Texto que contiene los diálogos y las letras de una ópera o zarzuela.,Libreto,Música,Medio
L,Empieza,"Artesano que construye, ajusta y repara instrumentos de cuerda.",Luthier,Música,Medio
M,Empieza,Aparato que marca con exactitud la velocidad a la que debe ir una obra musical.,Metrónomo,Música,Medio
M,Empieza,"Composición breve para varias voces, típica del Renacimiento, generalmente de tema profano.",Madrigal,Música,Medio
N,Empieza,"Pieza musical de carácter soñador y melancólico, popularizada por Chopin.",Nocturno,Música,Medio
N,Empieza,Símbolo musical usado en la notación gregoriana antes del pentagrama moderno.,Neuma,Música,Medio
Ñ,Contiene,"Lámina flexible, generalmente de madera, que vibra en la boquilla de algunos instrumentos de viento.",Caña,Música,Medio
Ñ,Contiene,"Danza popular gallega de compás ternario, acompañada frecuentemente por gaita.",Muñeira,Música,Medio
O,Empieza,Intervalo de ocho grados entre dos notas de la escala musical.,Octava,Música,Medio
O,Empieza,Pieza instrumental que precede y sirve de introducción a una ópera u obra extensa.,Obertura,Música,Medio
P,Empieza,Conjunto de cinco líneas paralelas y cuatro espacios donde se escriben las notas.,Pentagrama,Música,Medio
P,Empieza,Textura musical que combina varias voces o melodías independientes y simultáneas.,Polifonía,Música,Medio
Q,Contiene,Agrupación musical formada por cinco voces o instrumentos.,Quinteto,Música,Medio
Q,Contiene,Pequeña guitarra de tono agudo usada en la música tradicional hispanoamericana.,Requinto,Música,Medio
R,Empieza,Composición musical dedicada a la memoria de un difunto.,Réquiem,Música,Medio
R,Empieza,Frase musical corta y repetitiva que suele ser la base de una canción de rock.,Riff,Música,Medio
S,Empieza,Signo musical que eleva medio tono la altura de una nota natural.,Sostenido,Música,Medio
S,Empieza,Voz humana femenina de registro más agudo.,Soprano,Música,Medio
T,Empieza,Velocidad a la que debe interpretarse una composición musical.,Tempo,Música,Medio
T,Empieza,Resalte de metal en el mástil de la guitarra que separa las notas.,Traste,Música,Medio
U,Empieza,Formato de concierto o disco en el que se utilizan instrumentos acústicos en lugar de eléctricos.,Unplugged,Música,Medio
U,Empieza,Música alternativa que se desarrolla al margen de la industria comercial y masiva.,Underground,Música,Medio
V,Empieza,Fluctuación periódica en el tono o altura de una nota para darle expresividad.,Vibrato,Música,Medio
V,Empieza,Músico que domina de forma extraordinaria la técnica de su instrumento.,Virtuoso,Música,Medio
W,Empieza,Pedal de efectos para guitarra eléctrica que altera el tono creando un sonido vocal.,Wah-wah,Música,Medio
W,Contiene,"Apellido del influyente músico británico conocido como el ""Duque Blanco"".",Bowie,Música,Medio
X,Contiene,Apellido del famoso e influyente guitarrista zurdo estadounidense de nombre Jimi.,Hendrix,Música,Medio
X,Contiene,Coro musical que está formado tanto por voces femeninas como masculinas.,Mixto,Música,Medio
Y,Empieza,Tambor africano con forma de cáliz que se toca directamente con las manos.,Yembé,Música,Medio
Y,Empieza,Canto tradicional de los Alpes caracterizado por cambios bruscos de registro vocal.,Yodel,Música,Medio
Z,Empieza,Instrumento rústico de fricción muy popular en España durante la Navidad.,Zambomba,Música,Medio
Z,Contiene,Técnica de tocar instrumentos de cuerda frotada pellizcando las cuerdas con los dedos.,Pizzicato,Música,Medio
A,Empieza,Nota o grupo de notas iniciales de una frase musical que preceden al primer tiempo fuerte.,Anacrusa,Música,Difícil
A,Empieza,Falta de tono o incapacidad cerebral para percibir o reconocer tonos musicales.,Amusia,Música,Difícil
B,Empieza,"Estilo de jazz de los años 40 caracterizado por tempos rápidos, asimetría y virtuosismo.",Bebop,Música,Difícil
B,Empieza,Canto a dos voces donde una mantiene una nota pedal constante y grave.,Bordón,Música,Difícil
C,Empieza,Adorno vocal que consiste en un pasaje rápido de varias notas cantadas sobre una sola sílaba.,Coloratura,Música,Difícil
C,Empieza,Instrumento de teclado del periodo barroco cuyas cuerdas son pellizcadas por púas.,Clavecín,Música,Difícil
D,Empieza,Sistema musical de doce sonidos basado en la escala cromática introducido por Schoenberg.,Dodecafonismo,Música,Difícil
D,Empieza,Término italiano que indica la disminución gradual de la intensidad del sonido.,Decrescendo,Música,Difícil
E,Empieza,Primera parte de la forma sonata donde se presentan los temas principales de la obra.,Exposición,Música,Difícil
E,Empieza,"Instrumento de cuerda percutida con teclado, de pequeño tamaño, antecesor del piano.",Espineta,Música,Difícil
F,Empieza,Agrupación musical formada exclusivamente por instrumentos de viento metal y percusión.,Fanfarria,Música,Difícil
F,Empieza,"En notación musical, signo de calderón que indica una pausa prolongada a voluntad del intérprete.",Fermata,Música,Difícil
G,Empieza,"Canto litúrgico oficial de la Iglesia católica romana, monofónico, a capela y en latín.",Gregoriano,Música,Difícil
G,Empieza,"Instrumento de percusión metálico formado por láminas afinadas, usado en la orquesta sinfónica.",Glockenspiel,Música,Difícil
H,Empieza,Escala musical compuesta por siete sonidos diferentes.,Heptatónica,Música,Difícil
H,Empieza,Género musical folclórico peruano y andino de origen precolombino.,Huayno,Música,Difícil
I,Empieza,Modificación de la estructura armónica manteniendo las mismas notas pero cambiando la del bajo.,Inversión,Música,Difícil
I,Empieza,Canto litúrgico gregoriano que acompaña la entrada del celebrante en la misa.,Introito,Música,Difícil
J,Empieza,"Danza y canto popular del Siglo de Oro español de carácter alegre, pícaro y burlesco.",Jácara,Música,Difícil
J,Empieza,"Estilo de cante flamenco considerado el más primitivo, genuino y profundo.",Jondo,Música,Difícil
K,Empieza,Género de música instrumental tradicional de los judíos asquenazíes de Europa del Este.,Klezmer,Música,Difícil
K,Empieza,"Instrumento tradicional de origen japonés, que consiste en una cítara de trece cuerdas.",Koto,Música,Difícil
L,Empieza,"Pequeña indicación temática musical que representa a un personaje o idea, muy usada por Wagner.",Leitmotiv,Música,Difícil
L,Empieza,"Instrumento antiguo de cuerda pulsada con el mástil doblado hacia atrás, popular en el Renacimiento.",Laúd,Música,Difícil
M,Empieza,"Composición vocal polifónica, de tema generalmente religioso, nacida en el siglo XIII.",Motete,Música,Difícil
M,Empieza,Adorno vocal consistente en cantar varias notas seguidas sobre una misma sílaba del texto.,Melisma,Música,Difícil
N,Empieza,Corriente musical del siglo XX que buscaba la vuelta a las formas clásicas pero con lenguaje moderno.,Neoclasicismo,Música,Difícil
N,Empieza,"En armonía, acorde de sexta que se forma sobre el segundo grado rebajado de una escala.",Napolitana,Música,Difícil
Ñ,Contiene,Instrumento de viento andino formado por tubos de caña de diferentes longitudes unidos en fila.,Zampoña,Música,Difícil
Ñ,Contiene,"Instrumento musical antiguo de cuerda frotada, cuya rueda de resina se hace girar con una manivela.",Zanfoña,Música,Difícil
O,Empieza,"Composición dramática musical, generalmente de tema religioso, sin escenificación ni vestuario.",Oratorio,Música,Difícil
O,Empieza,Figura rítmica de valoración especial formada por ocho notas que equivalen a seis de su misma especie.,Octillo,Música,Difícil
P,Empieza,"Serie de danzas instrumentales del Barroco, término frecuentemente sinónimo de suite.",Partita,Música,Difícil
P,Empieza,"Composición de forma libre, a menudo virtuosa, que suele servir de introducción a una fuga.",Preludio,Música,Difícil
Q,Empieza,"Expresión vocal profunda y desgarradora, semejante a un lamento, característica del cante flamenco.",Quejío,Música,Difícil
Q,Contiene,Acción de tañer las campanas rítmicamente en señal de celebración o festividad.,Repique,Música,Difícil
R,Empieza,Forma musical de origen medieval en la que un tema principal o estribillo se alterna con temas secundarios.,Rondó,Música,Difícil
R,Empieza,"Conjunto de las obras, canciones o papeles que un artista o compañía tiene preparados para interpretar.",Repertorio,Música,Difícil
S,Empieza,"Pieza breve, a menudo parte de una sonata o sinfonía, de carácter ligero, rápido e independiente.",Scherzo,Música,Difícil
S,Empieza,Desplazamiento del acento musical a un tiempo o parte débil del compás.,Síncopa,Música,Difícil
T,Empieza,"Intervalo musical que abarca tres tonos enteros, conocido en la Edad Media como el ""diabolus in musica"".",Tritono,Música,Difícil
T,Empieza,Sistema de afinación histórica y teórica que ajusta las distancias de los intervalos para afinar escalas.,Temperamento,Música,Difícil
U,Empieza,"Sílaba original que daba nombre a la primera nota de la escala musical antes de ser sustituida por el ""Do"".",Ut,Música,Difícil
U,Contiene,"Instrumento tradicional ruso de cuerdas pulsadas, parecido a una cítara.",Gusli,Música,Difícil
V,Empieza,Instrumento de cuerda frotada del Renacimiento y Barroco que se toca sostenido verticalmente entre las piernas.,Viola da gamba,Música,Difícil
V,Empieza,"Instrumento renacentista de cuerda pulsada, similar a la guitarra, muy popular en la corte española.",Vihuela,Música,Difícil
W,Empieza,"Apellido del compositor alemán, creador del monumental ciclo de cuatro óperas ""El anillo del nibelungo"".",Wagner,Música,Difícil
W,Empieza,"Ópera atonal del compositor austriaco Alban Berg, de gran carga psicológica, estrenada en 1925.",Wozzeck,Música,Difícil
X,Contiene,Escala musical teórica de seis sonidos desarrollada en la Edad Media por Guido d'Arezzo.,Hexacordo,Música,Difícil
X,Contiene,Canto de alabanza litúrgica a Dios propio de la tradición cristiana ortodoxa y católica.,Doxología,Música,Difícil
Y,Empieza,"Canto dulce y melancólico tradicional de los Andes, de origen incaico, que expresa tristeza.",Yaraví,Música,Difícil
Y,Contiene,Canción estrófica inglesa del Renacimiento escrita para voz solista con acompañamiento de laúd.,Ayre,Música,Difícil
Z,Empieza,Danza barroca española de compás ternario y movimiento solemne que formaba parte de la suite instrumental.,Zarabanda,Música,Difícil
Z,Empieza,"Danza popular española y latinoamericana de ritmo vivo, ejecutada golpeando el suelo rítmicamente con los zapatos.",Zapateado,Música,Difícil
A,Empieza,Persona que crea o escribe una obra literaria.,Autor,Literatura,Fácil
A,Empieza,Narración breve y curiosa de un suceso real o divertido.,Anécdota,Literatura,Fácil
B,Empieza,"Lugar, edificio o sala donde se guardan, consultan y prestan libros.",Biblioteca,Literatura,Fácil
B,Empieza,Libro o texto que cuenta la vida de una persona.,Biografía,Literatura,Fácil
C,Empieza,"Narración breve de ficción, con argumento sencillo, muy habitual para niños.",Cuento,Literatura,Fácil
C,Empieza,Cada una de las partes principales en las que se divide un libro o novela.,Capítulo,Literatura,Fácil
D,Empieza,Conversación escrita entre dos o más personajes en una obra literaria o teatral.,Diálogo,Literatura,Fácil
D,Empieza,Libro que recoge y explica el significado de las palabras de un idioma.,Diccionario,Literatura,Fácil
E,Empieza,Persona que se dedica profesionalmente a escribir libros.,Escritor,Literatura,Fácil
E,Empieza,Obra de consulta que recoge conocimientos generales sobre muchas materias.,Enciclopedia,Literatura,Fácil
F,Empieza,"Relato literario breve, a menudo con animales, que termina con una enseñanza o moraleja.",Fábula,Literatura,Fácil
F,Empieza,"Tipo de literatura que narra historias, personajes y sucesos inventados o imaginarios.",Ficción,Literatura,Fácil
G,Empieza,"Categoría para clasificar las obras literarias, como poesía, teatro o novela.",Género,Literatura,Fácil
G,Empieza,Texto escrito que contiene los diálogos y detalles para representar una obra teatral o película.,Guion,Literatura,Fácil
H,Empieza,"Sucesión de hechos o eventos, reales o inventados, que se narran en un libro.",Historia,Literatura,Fácil
H,Empieza,Personaje principal de una obra literaria que realiza hazañas y actos valerosos.,Héroe,Literatura,Fácil
I,Empieza,Parte inicial de un libro que presenta el tema antes de comenzar a desarrollarlo.,Introducción,Literatura,Fácil
I,Empieza,Dibujo o imagen que acompaña al texto de un libro para adornarlo o explicarlo.,Ilustración,Literatura,Fácil
J,Empieza,"Artista medieval que iba de pueblo en pueblo recitando poemas, historias y cantando.",Juglar,Literatura,Fácil
J,Empieza,Nombre de la joven protagonista que vive un trágico amor con Romeo en la obra de Shakespeare.,Julieta,Literatura,Fácil
K,Empieza,"Apellido del famoso escritor checo autor de la novela ""La metamorfosis"".",Kafka,Literatura,Fácil
K,Empieza,"Dispositivo electrónico muy popular creado por Amazon, diseñado específicamente para leer libros digitales.",Kindle,Literatura,Fácil
L,Empieza,Conjunto de hojas de papel impresas y encuadernadas que forman una obra que se puede leer.,Libro,Literatura,Fácil
L,Empieza,"Persona que lee un libro, un texto o cualquier obra literaria.",Lector,Literatura,Fácil
M,Empieza,"Enseñanza, consejo o lección moral que se deduce al final de una fábula.",Moraleja,Literatura,Fácil
M,Empieza,"Relato tradicional, protagonizado por dioses o héroes, que explica el origen del mundo.",Mito,Literatura,Fácil
N,Empieza,Obra literaria extensa en prosa que cuenta una historia de ficción.,Novela,Literatura,Fácil
N,Empieza,Voz o personaje que se encarga de contar la historia en un relato o libro.,Narrador,Literatura,Fácil
Ñ,Contiene,Recuadro delimitado con dibujos y texto que forma parte de un cómic o historieta.,Viñeta,Literatura,Fácil
Ñ,Contiene,Escrito breve publicado en prensa o internet en el que se resume y valora un libro recién salido.,Reseña,Literatura,Fácil
O,Empieza,"Creación literaria o artística, como un libro, un poema o un cuadro.",Obra,Literatura,Fácil
O,Empieza,"Poema lírico de tono elevado creado para alabar, homenajear o celebrar a alguien o algo.",Oda,Literatura,Fácil
P,Empieza,Cada una de las dos caras de una hoja de papel dentro de un libro.,Página,Literatura,Fácil
P,Empieza,"Composición literaria escrita en verso que expresa emociones, belleza o sentimientos.",Poema,Literatura,Fácil
Q,Empieza,Sobrenombre del famoso hidalgo creado por Cervantes que luchaba contra molinos de viento.,Quijote,Literatura,Fácil
Q,Contiene,Representación gráfica o resumen muy visual de las ideas principales de un texto.,Esquema,Literatura,Fácil
R,Empieza,Texto breve que expone las ideas principales o el argumento de un libro más largo.,Resumen,Literatura,Fácil
R,Empieza,Igualdad o semejanza de sonidos al final de los versos de un poema.,Rima,Literatura,Fácil
S,Empieza,"Conjunto de libros o novelas que comparten el mismo universo, personajes o historia continuada.",Saga,Literatura,Fácil
S,Empieza,"Apellido del escritor y dramaturgo inglés más famoso de todos los tiempos, autor de ""Hamlet"".",Shakespeare,Literatura,Fácil
T,Empieza,"Nombre que se le da a un libro, cuento o poema para identificarlo.",Título,Literatura,Fácil
T,Empieza,"Conjunto de palabras escritas que forman un mensaje, un documento o el contenido de un libro.",Texto,Literatura,Fácil
U,Empieza,"Sociedad o lugar imaginario y perfecto descrito en la literatura, donde todo funciona con armonía.",Utopía,Literatura,Fácil
U,Empieza,"Mundo imaginario y mágico creado por un autor para ambientar su historia, como el de Harry Potter.",Universo,Literatura,Fácil
V,Empieza,Cada una de las líneas o renglones cortos sujetos a ritmo que forman un poema.,Verso,Literatura,Fácil
V,Empieza,Cada uno de los libros individuales que forman una obra literaria o enciclopedia completa.,Volumen,Literatura,Fácil
W,Empieza,Famosa plataforma en internet donde escritores aficionados publican y leen historias gratis.,Wattpad,Literatura,Fácil
W,Contiene,Apellido de la escritora británica (J.K. ...) creadora del personaje Harry Potter.,Rowling,Literatura,Fácil
X,Contiene,"Conjunto de palabras, vocabulario o expresiones que conoce o usa un escritor en su obra.",Léxico,Literatura,Fácil
X,Contiene,"Parte final añadida a un libro donde se incluyen documentos, mapas o datos complementarios.",Anexo,Literatura,Fácil
Y,Contiene,Narración tradicional que mezcla hechos reales con sucesos maravillosos o fantásticos.,Leyenda,Literatura,Fácil
Y,Contiene,Texto literario en prosa en el que un autor reflexiona y opina sobre un tema específico.,Ensayo,Literatura,Fácil
Z,Empieza,"Calzado de cristal que pierde la protagonista del cuento clásico ""Cenicienta"".",Zapato,Literatura,Fácil
Z,Empieza,"Apellido del escritor español (José ...) famoso por ser el autor de la obra de teatro ""Don Juan Tenorio"".",Zorrilla,Literatura,Fácil
A,Empieza,Repetición de un mismo sonido en varias palabras de una misma frase para producir un efecto sonoro.,Aliteración,Literatura,Medio
A,Empieza,"Recopilación de obras literarias notables, ya sean de un solo autor o de varios.",Antología,Literatura,Medio
B,Empieza,Libro de gran éxito comercial que alcanza rápidamente el número uno de ventas.,Best seller,Literatura,Medio
B,Empieza,Poema o novela que trata e idealiza la vida apacible de los pastores en el campo.,Bucólica,Literatura,Medio
C,Empieza,"Obra dramática o teatral de tono alegre y divertido, que suele tener un final feliz.",Comedia,Literatura,Medio
C,Empieza,Poema en el que las letras de los versos forman un dibujo relacionado con el tema del texto.,Caligrama,Literatura,Medio
D,Empieza,Parte final de una obra literaria o teatral en la que se resuelve la trama o el conflicto.,Desenlace,Literatura,Medio
D,Empieza,"Obra de teatro o cine en la que suceden acciones graves o desgraciadas, sin llegar a la tragedia.",Drama,Literatura,Medio
E,Empieza,Composición poética en la que el autor lamenta la muerte de una persona o una desgracia.,Elegía,Literatura,Medio
E,Empieza,"Adjetivo que destaca una cualidad propia o característica del sustantivo al que acompaña, como ""blanca nieve"".",Epíteto,Literatura,Medio
F,Empieza,Novela dramática por episodios y de carácter popular que se publicaba antiguamente en los periódicos.,Folletín,Literatura,Medio
F,Empieza,"Obra de teatro cómica, a menudo breve, con personajes y situaciones grotescas o exageradas.",Farsa,Literatura,Medio
G,Empieza,"Corriente literaria que se caracteriza por atmósferas misteriosas, castillos ruinosos, terror y romance.",Gótico,Literatura,Medio
G,Empieza,"Conjunto de escritores que viven en la misma época y comparten un estilo literario, como la del 98.",Generación,Literatura,Medio
H,Empieza,Figura retórica que consiste en alterar el orden lógico de las palabras en una oración para darle efecto poético.,Hipérbaton,Literatura,Medio
H,Empieza,"Exageración desproporcionada de un hecho, cualidad o situación en un texto literario.",Hipérbole,Literatura,Medio
I,Empieza,Figura literaria mediante la cual se da a entender exactamente lo contrario de lo que se está diciendo.,Ironía,Literatura,Medio
I,Empieza,"Acción misteriosa que sirve de base a la trama de una obra dramática, novela o de suspense.",Intriga,Literatura,Medio
J,Empieza,Conjunto de expresiones o vocabulario específico que utilizan los miembros de un determinado grupo social.,Jerga,Literatura,Medio
J,Empieza,"Apellido del célebre escritor irlandés, famoso por su compleja y revolucionaria novela ""Ulises"".",Joyce,Literatura,Medio
K,Empieza,"Apellido del escritor británico nacido en India (Rudyard ...), autor de ""El libro de la selva"".",Kipling,Literatura,Medio
K,Contiene,"Poema breve tradicional japonés de diecisiete sílabas escritas en tres versos, habitualmente sobre la naturaleza.",Haiku,Literatura,Medio
L,Empieza,"Género literario en el que el autor expresa sus sentimientos, pensamientos y emociones íntimas.",Lírica,Literatura,Medio
L,Empieza,Adjetivo usado para referirse a un escritor o poeta que ha sido galardonado o premiado con gran honor.,Laureado,Literatura,Medio
M,Empieza,Identificación de un término real con uno imaginario por la semejanza que existe entre ellos.,Metáfora,Literatura,Medio
M,Empieza,Discurso dicho por una sola persona que se dirige a sí misma o al público sin esperar respuesta.,Monólogo,Literatura,Medio
N,Empieza,Parte de una narración literaria donde surge el problema o el momento de mayor tensión antes del desenlace.,Nudo,Literatura,Medio
N,Empieza,Corriente literaria derivada del realismo que describe el comportamiento humano con extrema objetividad.,Naturalismo,Literatura,Medio
Ñ,Contiene,"Pájaro cantor que protagoniza el verso ""sino por una avecilla que me cantaba al albor"" en un famoso romance.",Ruiseñor,Literatura,Medio
Ñ,Contiene,"Palabra que completa el título de la novela más famosa de Gabriel García Márquez: ""Cien ... de soledad"".",Años,Literatura,Medio
O,Empieza,Figura retórica que consiste en la imitación de un sonido de la naturaleza o ruido a través de las palabras.,Onomatopeya,Literatura,Medio
O,Empieza,Figura literaria que consiste en combinar dos términos de significado opuesto en una misma expresión.,Oxímoron,Literatura,Medio
P,Empieza,"Texto previo a una obra literaria, a modo de introducción, que suele escribir el mismo autor u otra persona.",Prólogo,Literatura,Medio
P,Empieza,Figura retórica que consiste en atribuir cualidades o acciones humanas a animales o cosas inanimadas.,Personificación,Literatura,Medio
Q,Empieza,"Apellido del gran escritor español del Siglo de Oro, máximo representante del conceptismo.",Quevedo,Literatura,Medio
Q,Empieza,"Estrofa poética compuesta por cinco versos de arte menor, cuya rima puede variar bajo ciertas reglas.",Quintilla,Literatura,Medio
R,Empieza,"Movimiento literario del siglo XIX que daba prioridad a los sentimientos, la pasión y la rebeldía individual.",Romanticismo,Literatura,Medio
R,Empieza,"Poema tradicional hispánico de versos octosílabos, con rima asonante en los pares y libre en los impares.",Romance,Literatura,Medio
S,Empieza,Composición poética formada por catorce versos endecasílabos distribuidos en dos cuartetos y dos tercetos.,Soneto,Literatura,Medio
S,Empieza,"Obra literaria que critica de forma aguda y burlesca los vicios, costumbres o defectos de una sociedad.",Sátira,Literatura,Medio
T,Empieza,Subgénero dramático en el que los personajes se enfrentan a un destino fatal o doloroso e inevitable.,Tragedia,Literatura,Medio
T,Empieza,Conjunto de tres obras literarias de un mismo autor que tienen una relación o continuidad entre sí.,Trilogía,Literatura,Medio
U,Empieza,"Apellido del escritor y filósofo de la Generación del 98 que escribió obras como ""Niebla"".",Unamuno,Literatura,Medio
U,Contiene,Nombre de la mujer idealizada a la que Don Quijote de la Mancha dedica todas sus hazañas.,Dulcinea,Literatura,Medio
V,Empieza,Movimiento literario que se caracteriza por romper con las normas tradicionales y buscar la innovación.,Vanguardia,Literatura,Medio
V,Empieza,"Nombre que recibe el idioma o lengua nativa, propia del lugar donde se escribe una obra.",Vernáculo,Literatura,Medio
W,Empieza,"Apellido del célebre y agudo escritor irlandés autor de ""El retrato de Dorian Gray"".",Wilde,Literatura,Medio
W,Contiene,Apellido del leal médico y compañero del detective literario Sherlock Holmes.,Watson,Literatura,Medio
X,Contiene,Parte culminante de una narración u obra dramática en la que el conflicto alcanza su máxima tensión.,Clímax,Literatura,Medio
X,Contiene,Conjunto de palabras escritas que conforman el contenido y la estructura de un documento literario.,Texto,Literatura,Medio
Y,Contiene,"Poema narrativo extenso, de tono grandilocuente, que relata acciones heroicas de la antigüedad, como la Ilíada.",Epopeya,Literatura,Medio
Y,Contiene,Conjunto de relatos o fábulas protagonizados por dioses y héroes que explican el origen del mundo de una cultura.,Mitología,Literatura,Medio
Z,Empieza,"Composición poética de origen árabe y popular en la España medieval, que cuenta con un estribillo.",Zéjel,Literatura,Medio
Z,Empieza,"Apellido del autor español de la exitosa novela contemporánea ""La sombra del viento"" (Carlos Ruiz ...).",Zafón,Literatura,Medio
A,Empieza,Figura retórica consistente en la repetición de una o varias palabras al principio de un verso o enunciado.,Anáfora,Literatura,Difícil
A,Empieza,Obra literaria o texto de los primeros siglos del cristianismo no aceptada como canónica por la Iglesia.,Apócrifo,Literatura,Difícil
B,Empieza,"Estado de insatisfacción crónica y romántica, término derivado de una famosa novela de Flaubert.",Bovarismo,Literatura,Difícil
B,Empieza,"Apellido del erudito escritor argentino, figura clave de la literatura universal, autor de ""El Aleph"".",Borges,Literatura,Difícil
C,Empieza,"Estrofa de cuatro versos alejandrinos monorrimos, propia del mester de clerecía medieval (seguida de la palabra ""vía"").",Cuaderna,Literatura,Difícil
C,Empieza,"Movimiento literario del Barroco español, representado por Quevedo, caracterizado por la agudeza y concisión de ideas.",Conceptismo,Literatura,Difícil
D,Empieza,"Composición poética de la antigua Grecia, de tono entusiasta, dedicada en su origen al dios Dioniso.",Ditirambo,Literatura,Difícil
D,Empieza,"Verso métrico de doce sílabas, muy utilizado en la poesía del Modernismo.",Dodecasílabo,Literatura,Difícil
E,Empieza,"Composición poética muy breve que expresa un pensamiento festivo, satírico o punzante de forma aguda.",Epigrama,Literatura,Difícil
E,Empieza,"Conjunto de versos que el autor añade de forma libre al final de un poema clásico, frecuentemente en un soneto.",Estrambote,Literatura,Difícil
F,Empieza,"Apellido del ilustrado y ensayista español del siglo XVIII (Benito Jerónimo...), autor del ""Teatro crítico universal"".",Feijoo,Literatura,Difícil
F,Empieza,"Discurso literario o político muy violento y acusatorio, término derivado de las oraciones de Demóstenes.",Filípica,Literatura,Difícil
G,Empieza,"Breve composición literaria, creada por Ramón Gómez de la Serna, que une humor y metáfora en una sola frase.",Greguería,Literatura,Difícil
G,Empieza,"Apellido del poeta y dramaturgo cordobés, máximo representante del culteranismo en el Barroco español.",Góngora,Literatura,Difícil
H,Empieza,Cada una de las dos mitades en las que una cesura divide un verso métrico largo.,Hemistiquio,Literatura,Difícil
H,Empieza,Palabra que ha sido registrada o empleada una única vez en todo un idioma o en la obra de un autor literario.,Hapax,Literatura,Difícil
I,Empieza,Principio o ley métrica que exige que todos los versos de un poema o estrofa tengan exactamente el mismo número de sílabas.,Isosilabismo,Literatura,Difícil
I,Empieza,Relación que un texto literario mantiene directa o indirectamente con otros textos contemporáneos o históricos.,Intertextualidad,Literatura,Difícil
J,Empieza,"Breve estrofa lírica romance, escrita en caracteres árabes o hebreos, que cerraba las moaxajas andalusíes.",Jarcha,Literatura,Difícil
J,Empieza,"Apellido del poeta español, galardonado con el Premio Nobel en 1956 y creador de la ""poesía pura"" (Juan Ramón...).",Jiménez,Literatura,Difícil
K,Empieza,Corriente filosófica importada de Alemania que influyó enormemente en la literatura española y la Institución Libre de Enseñanza.,Krausismo,Literatura,Difícil
K,Empieza,"Apellido del escritor checo-francés, autor de la reflexiva novela ""La insoportable levedad del ser"".",Kundera,Literatura,Difícil
L,Empieza,"Estrofa de cinco versos, combinación de heptasílabos y endecasílabos, introducida en España por Garcilaso de la Vega.",Lira,Literatura,Difícil
L,Empieza,"Composición poética dividida en estrofas que terminan en un estribillo, habitualmente de tono satírico o burlesco.",Letrilla,Literatura,Difícil
M,Empieza,"Oficio, escuela o arte de hacer poesía en la Edad Media, pudiendo ser de juglaría o de clerecía.",Mester,Literatura,Difícil
M,Empieza,"Poema estrófico de la poesía culta árabe y hebrea en Al-Ándalus, que servía de introducción para una jarcha.",Moaxaja,Literatura,Difícil
N,Empieza,"Corriente filosófica y literaria, muy presente en la obra de Dostoievski, que niega todo principio dogmático o religioso.",Nihilismo,Literatura,Difícil
N,Empieza,"Apellido del virtuoso escritor de origen ruso, nacionalizado estadounidense, autor de la novela ""Lolita"".",Nabokov,Literatura,Difícil
Ñ,Contiene,Mujer a la que en la antigüedad clásica y medieval se pagaba por ir a llorar y lamentarse en los entierros.,Plañidera,Literatura,Difícil
Ñ,Contiene,"Palabra que sigue a ""La..."" en el título de la famosa novela histórica de aventuras escrita por Arthur Conan Doyle.",Compañía,Literatura,Difícil
O,Empieza,"Estrofa de ocho versos endecasílabos con rima consonante, característica de los poemas épicos del Renacimiento.",Octava,Literatura,Difícil
O,Empieza,"Nombre del clásico poeta romano, desterrado por el emperador Augusto, famoso por su obra ""Las Metamorfosis"".",Ovidio,Literatura,Difícil
P,Empieza,"Figura retórica que consiste en utilizar en una oración palabras innecesarias para su comprensión, con el fin de darle expresividad.",Pleonasmo,Literatura,Difícil
P,Empieza,Técnica narrativa en la que conviven múltiples voces o perspectivas independientes dentro de una misma novela.,Polifonía,Literatura,Difícil
Q,Empieza,Figura retórica de sintaxis que consiste en cruzar o invertir el orden de los elementos en dos grupos de palabras.,Quiasmo,Literatura,Difícil
Q,Contiene,"Autor y rétor hispanorromano del siglo I, famoso por su influyente tratado de oratoria ""Institutio Oratoria"".",Quintiliano,Literatura,Difícil
R,Empieza,Estrofa compuesta por cuatro versos octosílabos con rima consonante abrazada (abba).,Redondilla,Literatura,Difícil
R,Empieza,Figura retórica que consiste en invertir los términos de una frase o cláusula en la siguiente para cambiar drásticamente su sentido.,Retruécano,Literatura,Difícil
S,Empieza,"Estrofa de cuatro versos de arte mayor, habitualmente alejandrinos, con rima consonante alterna (ABAB).",Serventesio,Literatura,Difícil
S,Empieza,"Figura retórica, variante de la metonimia, que consiste en designar la parte por el todo o el todo por la parte.",Sinécdoque,Literatura,Difícil
T,Empieza,"Estrofa de tres versos de arte mayor, frecuentemente endecasílabos encadenados, magistralmente usada en ""La Divina Comedia"".",Terceto,Literatura,Difícil
T,Empieza,"Nombre genérico que recibe cualquier figura retórica de significado en la que se usa una palabra en sentido figurado (metáfora, metonimia...).",Tropo,Literatura,Difícil
U,Empieza,"Corriente literaria francesa de principios del siglo XX, impulsada por Jules Romains, enfocada en la conciencia de grupo o colectiva.",Unanimismo,Literatura,Difícil
U,Contiene,Figura retórica que consiste en rodear un término o expresarlo de manera suavizada o indirecta para evitar una palabra tabú.,Eufemismo,Literatura,Difícil
V,Empieza,"Apellido del creador del ""esperpento"", estética literaria deformadora de la realidad española (Ramón María del...).",Valle-Inclán,Literatura,Difícil
V,Empieza,"Subgénero teatral de comedia ligera, de origen francés, basado en la intriga, los enredos amorosos y el ritmo trepidante.",Vodevil,Literatura,Difícil
W,Empieza,"Apellido de la brillante escritora británica pionera del monólogo interior y autora del ensayo ""Una habitación propia"".",Woolf,Literatura,Difícil
W,Empieza,"Apellido del poeta romántico estadounidense, padre del verso libre moderno y autor de ""Hojas de hierba"".",Whitman,Literatura,Difícil
X,Empieza,Término que en lingüística literaria designa a una palabra extranjera asimilada en una obra manteniendo su grafía original.,Xenismo,Literatura,Difícil
X,Contiene,"Verso compuesto métricamente por seis sílabas, frecuente en el romancero tradicional y la poesía popular.",Hexasílabo,Literatura,Difícil
Y,Empieza,"Pie de la métrica clásica griega y latina compuesto por una sílaba breve y otra larga, base del verso clásico inglés.",Yambo,Literatura,Difícil
Y,Contiene,"Breve poema medieval, de origen francés y forma libre, a menudo acompañado de música y de temática melancólica.",Lay,Literatura,Difícil
Z,Empieza,Figura retórica que consiste en utilizar una única palabra para suplir otras varias y sobreentendidas en oraciones consecutivas.,Zeugma,Literatura,Difícil
Z,Empieza,"Apellido del célebre escritor y ensayista francés, máximo exponente del naturalismo literario y autor del manifiesto ""J'accuse"".",Zola,Literatura,Difícil
A,Empieza,"Líquido transparente, inodoro e insípido, vital para la vida.",Agua,Ciencia,Fácil
A,Empieza,Persona entrenada para viajar al espacio en una nave.,Astronauta,Ciencia,Fácil
A,Empieza,Capa de gases que rodea a la Tierra y nos protege del Sol.,Atmósfera,Ciencia,Fácil
B,Empieza,Ciencia que estudia a los seres vivos.,Biología,Ciencia,Fácil
B,Empieza,Organismo microscópico unicelular que puede causar enfermedades o ser beneficioso.,Bacteria,Ciencia,Fácil
B,Empieza,Abertura por donde ingerimos los alimentos.,Boca,Ciencia,Fácil
C,Empieza,Órgano principal del sistema nervioso que tenemos dentro de la cabeza.,Cerebro,Ciencia,Fácil
C,Empieza,Unidad más pequeña de la que están formados todos los seres vivos.,Célula,Ciencia,Fácil
C,Empieza,Órgano que bombea la sangre a todo el cuerpo.,Corazón,Ciencia,Fácil
D,Empieza,Reptiles gigantes que vivieron hace millones de años y se extinguieron.,Dinosaurios,Ciencia,Fácil
D,Empieza,Proceso por el cual el cuerpo descompone los alimentos para obtener nutrientes.,Digestión,Ciencia,Fácil
D,Empieza,Parte de las manos y los pies que tienen uñas.,Dedos,Ciencia,Fácil
E,Empieza,Estructura de huesos que sostiene nuestro cuerpo.,Esqueleto,Ciencia,Fácil
E,Empieza,"Astro con luz propia que brilla en el cielo nocturno, como el Sol.",Estrella,Ciencia,Fácil
E,Empieza,"Capacidad que tienen los cuerpos para producir trabajo o cambios, como la eléctrica.",Energía,Ciencia,Fácil
F,Empieza,Resto de un ser vivo antiguo que se ha convertido en piedra.,Fósil,Ciencia,Fácil
F,Empieza,Aumento de la temperatura del cuerpo cuando estamos enfermos.,Fiebre,Ciencia,Fácil
F,Empieza,Parte de la planta que suele tener colores vivos y de la que nace el fruto.,Flor,Ciencia,Fácil
G,Empieza,Fuerza invisible que atrae los objetos hacia el suelo.,Gravedad,Ciencia,Fácil
G,Empieza,"Estado de la materia que no tiene forma ni volumen fijo, como el aire.",Gas,Ciencia,Fácil
G,Empieza,"Enfermedad común en invierno causada por un virus, que da tos y fiebre.",Gripe,Ciencia,Fácil
H,Empieza,Pieza dura y blanca que forma el esqueleto.,Hueso,Ciencia,Fácil
H,Empieza,Agua en estado sólido por efecto del frío.,Hielo,Ciencia,Fácil
H,Empieza,Órgano del cuerpo que limpia la sangre y produce bilis.,Hígado,Ciencia,Fácil
I,Empieza,"Animal pequeño de seis patas, como la hormiga o la mosca.",Insecto,Ciencia,Fácil
I,Empieza,Objeto que atrae a los metales como el hierro.,Imán,Ciencia,Fácil
I,Empieza,Tubo largo del aparato digestivo donde se absorben los alimentos.,Intestino,Ciencia,Fácil
J,Empieza,Planeta más grande de nuestro Sistema Solar.,Júpiter,Ciencia,Fácil
J,Empieza,Terreno donde se cultivan plantas y flores ornamentales.,Jardín,Ciencia,Fácil
J,Empieza,Mamífero de cuello muy largo que vive en África.,Jirafa,Ciencia,Fácil
K,Empieza,Unidad de medida de peso que equivale a mil gramos.,Kilo,Ciencia,Fácil
K,Empieza,Animal australiano parecido a un osito que come eucalipto.,Koala,Ciencia,Fácil
K,Empieza,Fruta de piel peluda marrón e interior verde.,Kiwi,Ciencia,Fácil
L,Empieza,Satélite natural de la Tierra que vemos por la noche.,Luna,Ciencia,Fácil
L,Empieza,Lugar equipado con instrumentos para hacer experimentos científicos.,Laboratorio,Ciencia,Fácil
L,Empieza,Energía que nos permite ver las cosas y que viene del Sol o de bombillas.,Luz,Ciencia,Fácil
M,Empieza,"Instrumento que sirve para ver cosas muy pequeñas, como las células.",Microscopio,Ciencia,Fácil
M,Empieza,Tejido del cuerpo que se contrae y relaja para producir movimiento.,Músculo,Ciencia,Fácil
M,Empieza,Profesional de la salud que nos cura cuando estamos enfermos.,Médico,Ciencia,Fácil
N,Empieza,Masa de vapor de agua que flota en el cielo y produce lluvia.,Nube,Ciencia,Fácil
N,Empieza,"Todo lo que nos rodea y no ha sido creado por el hombre: plantas, animales, montañas...",Naturaleza,Ciencia,Fácil
N,Empieza,Parte del cuerpo que usamos para oler y respirar.,Nariz,Ciencia,Fácil
Ñ,Contiene,Insecto de ocho patas que teje redes para atrapar a sus presas.,Araña,Ciencia,Fácil
Ñ,Contiene,Órgano vital en forma de frijol que filtra la sangre y produce orina.,Riñón,Ciencia,Fácil
Ñ,Contiene,Estación del año en la que se caen las hojas de los árboles.,Otoño,Ciencia,Fácil
O,Empieza,Gas del aire que necesitamos respirar para vivir.,Oxígeno,Ciencia,Fácil
O,Empieza,Órgano del sentido de la vista.,Ojo,Ciencia,Fácil
O,Empieza,Gran masa de agua salada que cubre la mayor parte de la Tierra.,Océano,Ciencia,Fácil
P,Empieza,"Cuerpo celeste que gira alrededor de una estrella, como la Tierra.",Planeta,Ciencia,Fácil
P,Empieza,Ser vivo que hace la fotosíntesis y no se puede desplazar.,Planta,Ciencia,Fácil
P,Empieza,Órgano que usamos para respirar aire.,Pulmón,Ciencia,Fácil
Q,Empieza,Ciencia que estudia de qué están hechas las cosas y cómo cambian.,Química,Ciencia,Fácil
Q,Empieza,Lesión en la piel causada por el fuego o el calor excesivo.,Quemadura,Ciencia,Fácil
Q,Contiene,Conjunto de huesos que sostiene el cuerpo.,Esqueleto,Ciencia,Fácil
R,Empieza,Parte de la planta que está bajo tierra y absorbe agua.,Raíz,Ciencia,Fácil
R,Empieza,Proceso de volver a usar materiales como papel o plástico para no tirar basura.,Reciclaje,Ciencia,Fácil
R,Empieza,Descarga eléctrica muy luminosa que cae durante una tormenta.,Rayo,Ciencia,Fácil
S,Empieza,Estrella que nos da luz y calor y es el centro de nuestro sistema.,Sol,Ciencia,Fácil
S,Empieza,Líquido rojo que circula por nuestras venas.,Sangre,Ciencia,Fácil
S,Empieza,Lo que oímos cuando algo vibra y llega a nuestros oídos.,Sonido,Ciencia,Fácil
T,Empieza,Planeta donde vivimos.,Tierra,Ciencia,Fácil
T,Empieza,Instrumento que sirve para medir la temperatura.,Termómetro,Ciencia,Fácil
T,Empieza,"Fenómeno meteorológico con lluvia, viento, rayos y truenos.",Tormenta,Ciencia,Fácil
U,Empieza,"Todo lo que existe: el espacio, las estrellas, los planetas y las galaxias.",Universo,Ciencia,Fácil
U,Empieza,Séptimo planeta del sistema solar.,Urano,Ciencia,Fácil
U,Empieza,Parte dura que protege la punta de los dedos.,Uña,Ciencia,Fácil
V,Empieza,Montaña que tiene un cráter por donde sale lava y humo.,Volcán,Ciencia,Fácil
V,Empieza,Microorganismo muy pequeño que causa enfermedades como la gripe.,Virus,Ciencia,Fácil
V,Empieza,Aire en movimiento.,Viento,Ciencia,Fácil
W,Contiene,Apellido del naturalista que propuso la teoría de la evolución (Charles...).,Darwin,Ciencia,Fácil
W,Contiene,Sistema de páginas e información en internet (World Wide...).,Web,Ciencia,Fácil
W,Contiene,"Fruta pequeña de color marrón por fuera y verde por dentro (Repetida, válida por contener W en inglés o ser préstamo).",Kiwi,Ciencia,Fácil
X,Contiene,Gas vital que respiramos (contiene la x).,Oxígeno,Ciencia,Fácil
X,Contiene,Prueba científica para descubrir algo nuevo o comprobar una idea.,Experimento,Ciencia,Fácil
X,Contiene,"Gran sistema de estrellas, gas y polvo; la nuestra es la Vía Láctea.",Galaxia,Ciencia,Fácil
Y,Empieza,Parte amarilla del huevo.,Yema,Ciencia,Fácil
Y,Empieza,Material blanco que se usa para curar huesos rotos (escayola).,Yeso,Ciencia,Fácil
Y,Contiene,Animal cánido parecido al lobo que vive en América (contiene la y).,Coyote,Ciencia,Fácil
Z,Empieza,Lugar donde se cuidan y exhiben animales de muchas especies.,Zoológico,Ciencia,Fácil
Z,Empieza,Animal mamífero conocido por su astucia y su cola peluda.,Zorro,Ciencia,Fácil
Z,Empieza,Ciencia que estudia a los animales.,Zoología,Ciencia,Fácil
A,Empieza,"Partícula más pequeña de un elemento químico, formada por protones, neutrones y electrones.",Átomo,Ciencia,Medio
A,Empieza,Molécula que contiene la información genética de los seres vivos.,ADN,Ciencia,Medio
A,Empieza,Cuerpo rocoso y metálico más pequeño que un planeta que orbita alrededor del Sol.,Asteroide,Ciencia,Medio
B,Empieza,Instrumento que sirve para medir la presión atmosférica.,Barómetro,Ciencia,Medio
B,Empieza,Variedad de seres vivos que existen en el planeta o en una región concreta.,Biodiversidad,Ciencia,Medio
B,Empieza,Líquido producido por el hígado que ayuda a la digestión de las grasas.,Bilis,Ciencia,Medio
C,Empieza,Estructura en forma de filamento que se encuentra en el núcleo de las células y contiene el ADN.,Cromosoma,Ciencia,Medio
C,Empieza,Cuerpo celeste constituido por polvo y rocas que orbita el Sol dejando una cola luminosa.,Cometa,Ciencia,Medio
C,Empieza,Paso de una sustancia del estado gaseoso al estado líquido.,Condensación,Ciencia,Medio
D,Empieza,Cantidad de masa que hay en un determinado volumen de una sustancia.,Densidad,Ciencia,Medio
D,Empieza,Enfermedad crónica en la que el cuerpo no puede regular la cantidad de azúcar en la sangre.,Diabetes,Ciencia,Medio
D,Empieza,Animal que caza a otros animales para alimentarse.,Depredador,Ciencia,Medio
E,Empieza,Fenómeno astronómico en el que un cuerpo celeste bloquea la luz de otro.,Eclipse,Ciencia,Medio
E,Empieza,Comunidad formada por los seres vivos y el medio físico en el que se relacionan.,Ecosistema,Ciencia,Medio
E,Empieza,Flujo de carga eléctrica que recorre un material conductor.,Electricidad,Ciencia,Medio
F,Empieza,Proceso químico por el cual las plantas transforman la luz solar en energía.,Fotosíntesis,Ciencia,Medio
F,Empieza,Fuerza que se opone al movimiento de una superficie sobre otra.,Fricción,Ciencia,Medio
F,Empieza,Cambio de estado de sólido a líquido por la acción del calor.,Fusión,Ciencia,Medio
G,Empieza,Parte de la biología que estudia los genes y la herencia.,Genética,Ciencia,Medio
G,Empieza,"Ciencia que estudia la composición, estructura y evolución de la Tierra.",Geología,Ciencia,Medio
G,Empieza,Célula de la sangre (roja o blanca) encargada de transportar oxígeno o defender al organismo.,Glóbulo,Ciencia,Medio
H,Empieza,Entorno natural en el que vive una especie animal o vegetal.,Hábitat,Ciencia,Medio
H,Empieza,Elemento químico más ligero y abundante del universo.,Hidrógeno,Ciencia,Medio
H,Empieza,Salida abundante de sangre por rotura de vasos sanguíneos.,Hemorragia,Ciencia,Medio
I,Empieza,Propiedad de los cuerpos de mantener su estado de reposo o movimiento si no actúa una fuerza sobre ellos.,Inercia,Ciencia,Medio
I,Empieza,Capacidad del organismo para resistir y defenderse de una infección o enfermedad.,Inmunidad,Ciencia,Medio
I,Empieza,Parte coloreada del ojo que controla la cantidad de luz que entra en la pupila.,Iris,Ciencia,Medio
J,Empieza,"Unidad del Sistema Internacional utilizada para medir energía, trabajo y calor.",Julio,Ciencia,Medio
J,Empieza,Periodo geológico de la Era Mesozoica conocido por el dominio de los grandes dinosaurios.,Jurásico,Ciencia,Medio
J,Empieza,"Macho del cerdo salvaje, mamífero de gran fortaleza y colmillos salientes.",Jabalí,Ciencia,Medio
K,Empieza,Unidad básica de temperatura en el Sistema Internacional.,Kelvin,Ciencia,Medio
K,Empieza,Unidad de potencia eléctrica que equivale a 1000 vatios.,Kilovatio,Ciencia,Medio
K,Empieza,"Elemento químico, gas noble, cuyo símbolo es Kr.",Kriptón,Ciencia,Medio
L,Empieza,Dispositivo que emite un haz de luz muy intenso y concentrado.,Láser,Ciencia,Medio
L,Empieza,Forma juvenil de ciertos animales (como insectos o anfibios) antes de la metamorfosis.,Larva,Ciencia,Medio
L,Empieza,Órgano del conducto respiratorio donde se encuentran las cuerdas vocales.,Laringe,Ciencia,Medio
M,Empieza,Conjunto de átomos unidos por enlaces químicos; es la parte más pequeña de una sustancia pura.,Molécula,Ciencia,Medio
M,Empieza,Conjunto de reacciones químicas que ocurren en las células para obtener energía.,Metabolismo,Ciencia,Medio
M,Empieza,Roca fundida que se encuentra bajo la corteza terrestre a muy alta temperatura.,Magma,Ciencia,Medio
N,Empieza,Partícula subatómica sin carga eléctrica que se encuentra en el núcleo del átomo.,Neutrón,Ciencia,Medio
N,Empieza,Célula principal del sistema nervioso encargada de transmitir impulsos.,Neurona,Ciencia,Medio
N,Empieza,Gas que constituye la mayor parte del aire que respiramos (aprox. 78%).,Nitrógeno,Ciencia,Medio
Ñ,Contiene,"Dolor de cabeza muy intenso y recurrente, a menudo en un solo lado.",Migraña,Ciencia,Medio
Ñ,Contiene,Uña grande y dura que tienen en las patas animales como el caballo o la cabra.,Pezuña,Ciencia,Medio
Ñ,Contiene,Tubo por el que se introduce comida o medicamentos en el cuerpo o se extrae sangre.,Cánula,Ciencia,Medio
O,Empieza,Trayectoria curva que describe un cuerpo celeste alrededor de otro.,Órbita,Ciencia,Medio
O,Empieza,Gas presente en la atmósfera (O3) que nos protege de la radiación ultravioleta.,Ozono,Ciencia,Medio
O,Empieza,Animal que se alimenta tanto de plantas como de otros animales.,Omnívoro,Ciencia,Medio
P,Empieza,"Nutriente esencial para el crecimiento y reparación de los tejidos, formado por aminoácidos.",Proteína,Ciencia,Medio
P,Empieza,"Organismo que vive a costa de otro de distinta especie, perjudicándolo.",Parásito,Ciencia,Medio
P,Empieza,Partícula subatómica con carga eléctrica positiva que está en el núcleo.,Protón,Ciencia,Medio
Q,Empieza,"Proteína rica en azufre que forma la capa externa de la piel, el pelo y las uñas.",Queratina,Ciencia,Medio
Q,Empieza,Sala de un hospital equipada para realizar operaciones quirúrgicas.,Quirófano,Ciencia,Medio
Q,Empieza,Masa sólida que se obtiene al madurar la cuajada de la leche.,Queso,Ciencia,Medio
R,Empieza,Emisión y propagación de energía en forma de ondas o partículas.,Radiación,Ciencia,Medio
R,Empieza,Reacción involuntaria y rápida del cuerpo ante un estímulo.,Reflejo,Ciencia,Medio
R,Empieza,Tejido sensible a la luz situado en la parte posterior del ojo.,Retina,Ciencia,Medio
S,Empieza,Objeto natural o artificial que orbita alrededor de un planeta.,Satélite,Ciencia,Medio
S,Empieza,Movimiento brusco de la corteza terrestre; terremoto.,Sismo,Ciencia,Medio
S,Empieza,Elemento químico (Na) muy abundante en la sal marina.,Sodio,Ciencia,Medio
T,Empieza,Instrumento óptico que permite ver objetos lejanos con mucho detalle.,Telescopio,Ciencia,Medio
T,Empieza,Conjunto de células similares que realizan una función específica.,Tejido,Ciencia,Medio
T,Empieza,Parte de la geología que estudia las placas que forman la corteza terrestre.,Tectónica,Ciencia,Medio
U,Empieza,Elemento químico radiactivo que se utiliza como combustible nuclear.,Uranio,Ciencia,Medio
U,Empieza,Límite mínimo de estímulo (como dolor o sonido) que una persona puede percibir.,Umbral,Ciencia,Medio
U,Empieza,Órgano muscular hueco de las hembras de los mamíferos donde se desarrolla el feto.,Útero,Ciencia,Medio
V,Empieza,Magnitud física que expresa el espacio recorrido por un objeto en una unidad de tiempo.,Velocidad,Ciencia,Medio
V,Empieza,Preparado biológico que proporciona inmunidad adquirida ante una enfermedad.,Vacuna,Ciencia,Medio
V,Empieza,Vaso sanguíneo que lleva la sangre desde los tejidos hacia el corazón.,Vena,Ciencia,Medio
W,Contiene,Unidad de potencia del Sistema Internacional (Vatio en inglés).,Watt,Ciencia,Medio
W,Contiene,Científico inglés que formuló la ley de la gravitación universal (Isaac...).,Newton,Ciencia,Medio
W,Contiene,Conjunto de programas y rutinas que permiten a la computadora realizar tareas.,Software,Ciencia,Medio
X,Empieza,"Elemento químico, gas noble, incoloro y muy pesado, usado en lámparas y flashes.",Xenón,Ciencia,Medio
X,Contiene,Suspensión de la respiración por falta de oxígeno.,Asfixia,Ciencia,Medio
X,Contiene,Parte del tronco humano situada entre el cuello y el abdomen.,Tórax,Ciencia,Medio
Y,Empieza,"Elemento químico halógeno de color violeta oscuro, usado como desinfectante.",Yodo,Ciencia,Medio
Y,Empieza,Mineral de sulfato de calcio que se usa en construcción y escultura.,Yeso,Ciencia,Medio
Y,Empieza,Vena grande del cuello que recoge la sangre de la cabeza.,Yugular,Ciencia,Medio
Z,Empieza,Elemento químico metálico (Zn) usado para proteger el acero de la corrosión.,Zinc,Ciencia,Medio
Z,Empieza,Abeja macho cuya función principal es fecundar a la reina.,Zángano,Ciencia,Medio
Z,Empieza,Región climática definida por unas determinadas temperaturas y precipitaciones.,Zona,Ciencia,Medio
A,Empieza,Muerte celular programada que ocurre de manera natural y controlada en el desarrollo de un organismo.,Apoptosis,Ciencia,Difícil
A,Empieza,"Partícula hipotética de materia oscura o, en física real, ion con carga eléctrica negativa.",Anión,Ciencia,Difícil
A,Empieza,Porcentaje de radiación que cualquier superficie refleja respecto a la radiación que incide sobre ella.,Albedo,Ciencia,Difícil
B,Empieza,"Partícula elemental mediadora de la interacción nuclear, como el de Higgs.",Bosón,Ciencia,Difícil
B,Empieza,"Organismos que habitan en el fondo de los ecosistemas acuáticos, a diferencia del plancton.",Bentos,Ciencia,Difícil
B,Empieza,Escala utilizada para medir la dureza de los materiales a través de la penetración de una bola de acero.,Brinell,Ciencia,Difícil
C,Empieza,Sustancia que aumenta la velocidad de una reacción química sin consumirse en el proceso.,Catalizador,Ciencia,Difícil
C,Empieza,Técnica de laboratorio utilizada para separar los componentes de una mezcla.,Cromatografía,Ciencia,Difícil
C,Empieza,"Fluido gelatinoso que llena el interior de una célula, excluyendo el núcleo.",Citoplasma,Ciencia,Difícil
D,Empieza,Prolongación ramificada de una neurona dedicada a la recepción de impulsos nerviosos.,Dendrita,Ciencia,Difícil
D,Empieza,Fenómeno característico de las ondas que se basa en la desviación de estas al encontrar un obstáculo.,Difracción,Ciencia,Difícil
D,Empieza,Procedimiento médico que filtra artificialmente la sangre cuando los riñones no funcionan.,Diálisis,Ciencia,Difícil
E,Empieza,Magnitud termodinámica que mide el grado de desorden molecular de un sistema.,Entropía,Ciencia,Difícil
E,Empieza,Proteína compleja que actúa como catalizador biológico acelerando reacciones vitales.,Enzima,Ciencia,Difícil
E,Empieza,Parte de la química que estudia las relaciones cuantitativas entre los reactivos y productos.,Estequiometría,Ciencia,Difícil
F,Empieza,"Partícula elemental portadora de todas las formas de radiación electromagnética, incluida la luz.",Fotón,Ciencia,Difícil
F,Empieza,Reacción nuclear en la que un núcleo pesado se divide en otros más ligeros liberando energía.,Fisión,Ciencia,Difícil
F,Empieza,Conjunto de caracteres visibles que un individuo presenta como resultado de la interacción entre su genotipo y el medio.,Fenotipo,Ciencia,Difícil
G,Empieza,"Conjunto completo de ADN de un organismo, incluyendo todos sus genes.",Genoma,Ciencia,Difícil
G,Empieza,Célula reproductora masculina o femenina (espermatozoide u óvulo) con carga cromosómica haploide.,Gameto,Ciencia,Difícil
G,Empieza,Vía metabólica encargada de oxidar la glucosa para obtener energía para la célula.,Glucólisis,Ciencia,Difícil
H,Empieza,Capacidad de los organismos vivos para mantener una condición interna estable y constante.,Homeostasis,Ciencia,Difícil
H,Empieza,Reacción química en la que una molécula de agua rompe uno o más enlaces químicos.,Hidrólisis,Ciencia,Difícil
H,Empieza,"Región del cerebro que controla la temperatura corporal, el hambre y la sed.",Hipotálamo,Ciencia,Difícil
I,Empieza,Átomo de un mismo elemento químico que tiene diferente número de neutrones en su núcleo.,Isótopo,Ciencia,Difícil
I,Empieza,Capa de la atmósfera terrestre que contiene una elevada concentración de iones y refleja ondas de radio.,Ionosfera,Ciencia,Difícil
I,Empieza,Compuestos químicos que tienen la misma fórmula molecular pero diferente estructura.,Isómeros,Ciencia,Difícil
J,Empieza,"Planeta gaseoso gigante similar a Júpiter, término usado en exoplanetología.",Joviano,Ciencia,Difícil
J,Empieza,Apellido del físico inglés (James Prescott...) cuyo nombre lleva la unidad de energía del Sistema Internacional.,Joule,Ciencia,Difícil
J,Empieza,Periodo geológico de la era Mesozoica que sigue al Triásico y precede al Cretácico.,Jurásico,Ciencia,Difícil
K,Empieza,Ciclo metabólico fundamental (o del ácido cítrico) que forma parte de la respiración celular.,Krebs,Ciencia,Difícil
K,Empieza,Apellido del astrónomo que formuló las tres leyes sobre el movimiento de los planetas alrededor del Sol.,Kepler,Ciencia,Difícil
K,Empieza,Proteína fibrosa rica en azufre que constituye el componente principal del cabello y las uñas.,Queratina,Ciencia,Difícil
L,Empieza,"Capa externa y rígida de la Tierra, formada por la corteza y la parte superior del manto.",Litosfera,Ciencia,Difícil
L,Empieza,"Biomolécula orgánica insoluble en agua (grasas, ceras, esteroles) que almacena energía.",Lípido,Ciencia,Difícil
L,Empieza,Ruptura de la membrana celular que produce la salida del material intracelular.,Lisis,Ciencia,Difícil
M,Empieza,Orgánulo celular encargado de suministrar la mayor parte de la energía necesaria para la actividad celular.,Mitocondria,Ciencia,Difícil
M,Empieza,Proceso de división celular en el que se obtienen dos células hijas genéticamente idénticas.,Mitosis,Ciencia,Difícil
M,Empieza,Unidad de concentración química que expresa el número de moles de soluto por litro de disolución.,Molaridad,Ciencia,Difícil
N,Empieza,"Nube gigante de polvo y gas en el espacio, lugar donde nacen las estrellas.",Nebulosa,Ciencia,Difícil
N,Empieza,"Partícula subatómica elemental con masa muy pequeña y sin carga eléctrica, muy difícil de detectar.",Neutrino,Ciencia,Difícil
N,Empieza,"Unidad estructural y funcional básica del riñón, responsable de la purificación de la sangre.",Nefrona,Ciencia,Difícil
Ñ,Contiene,Animal que se alimenta de cadáveres de otros animales sin haber participado en su caza.,Carroñero,Ciencia,Difícil
Ñ,Contiene,Antílope africano de gran tamaño que realiza grandes migraciones anuales.,Ñu,Ciencia,Difícil
Ñ,Contiene,"Sustancia nociva para la salud, veneno.",Ponzoña,Ciencia,Difícil
O,Empieza,Difusión pasiva de agua a través de una membrana semipermeable desde una zona de menor a mayor concentración.,Ósmosis,Ciencia,Difícil
O,Empieza,Proceso geológico mediante el cual se forman las montañas y cordilleras.,Orogenia,Ciencia,Difícil
O,Empieza,Reacción química en la que un elemento cede electrones.,Oxidación,Ciencia,Difícil
P,Empieza,Membrana fibrosa doble que envuelve el corazón y los grandes vasos sanguíneos.,Pericardio,Ciencia,Difícil
P,Empieza,Macromolécula formada por la unión de muchas unidades pequeñas idénticas llamadas monómeros.,Polímero,Ciencia,Difícil
P,Empieza,Estrella de neutrones que emite radiación periódica y gira a gran velocidad.,Púlsar,Ciencia,Difícil
Q,Empieza,"Partícula elemental que constituye la materia, combinándose para formar protones y neutrones.",Quark,Ciencia,Difícil
Q,Empieza,Piezas bucales en forma de pinza o colmillo que poseen los arácnidos.,Quelíceros,Ciencia,Difícil
Q,Empieza,"Fuente de radio astronómica cuasi-estelar, que es el núcleo activo de una galaxia lejana.",Cuásar,Ciencia,Difícil
R,Empieza,Orgánulo celular donde se sintetizan las proteínas.,Ribosoma,Ciencia,Difícil
R,Empieza,Cambio de dirección que experimenta una onda al pasar de un medio material a otro.,Refracción,Ciencia,Difícil
R,Empieza,Fenómeno físico que ocurre cuando la frecuencia de una fuerza aplicada coincide con la frecuencia natural de un sistema.,Resonancia,Ciencia,Difícil
S,Empieza,Espacio de comunicación entre dos neuronas para la transmisión del impulso nervioso.,Sinapsis,Ciencia,Difícil
S,Empieza,"Cambio de estado de sólido a gas directamente, sin pasar por líquido.",Sublimación,Ciencia,Difícil
S,Empieza,Asociación íntima de organismos de especies diferentes para beneficiarse mutuamente.,Simbiosis,Ciencia,Difícil
T,Empieza,Rama de la física que describe los estados de equilibrio a nivel macroscópico y el calor.,Termodinámica,Ciencia,Difícil
T,Empieza,Ciencia que se encarga de la clasificación biológica de los seres vivos.,Taxonomía,Ciencia,Difícil
T,Empieza,Capa más baja de la atmósfera donde ocurren los fenómenos meteorológicos.,Troposfera,Ciencia,Difícil
U,Empieza,Base nitrogenada que se encuentra en el ARN pero no en el ADN (sustituye a la timina).,Uracilo,Ciencia,Difícil
U,Empieza,Conducto por el que desciende la orina desde el riñón a la vejiga.,Uréter,Ciencia,Difícil
U,Empieza,Onda acústica cuya frecuencia está por encima del espectro audible del oído humano.,Ultrasonido,Ciencia,Difícil
V,Empieza,"Número de electrones que un átomo necesita ganar, perder o compartir para estabilizarse.",Valencia,Ciencia,Difícil
V,Empieza,Agente biológico (como un mosquito) que transmite un patógeno de un huésped a otro.,Vector,Ciencia,Difícil
V,Empieza,"Resistencia que opone un fluido a su deformación o a fluir (su ""espesor"").",Viscosidad,Ciencia,Difícil
W,Empieza,"Elemento químico de símbolo W, metal muy duro y con el punto de fusión más alto (Tungsteno).",Wolframio,Ciencia,Difícil
W,Empieza,Apellido del geólogo alemán (Alfred...) que desarrolló la teoría de la deriva continental.,Wegener,Ciencia,Difícil
W,Contiene,Aplicación informática que permite visualizar documentos de la web (Navegador en inglés).,Browser,Ciencia,Difícil
X,Empieza,Tejido vegetal que transporta agua y sales minerales desde la raíz al resto de la planta.,Xilema,Ciencia,Difícil
X,Empieza,"Planta adaptada para vivir en ambientes secos con poca agua, como el cactus.",Xerófila,Ciencia,Difícil
X,Contiene,Prolongación única y larga de las neuronas que conduce el impulso nervioso hacia otras células.,Axón,Ciencia,Difícil
Y,Empieza,"Segunda parte del intestino delgado, situada entre el duodeno y el íleon.",Yeyuno,Ciencia,Difícil
Y,Empieza,Lugar geológico donde se encuentra una concentración natural de minerales o fósiles.,Yacimiento,Ciencia,Difícil
Y,Empieza,"Elemento químico de número atómico 39, metal de transición plateado.",Itrio,Ciencia,Difícil
Z,Empieza,Célula resultante de la unión del gameto masculino y femenino; el óvulo fecundado.,Zigoto,Ciencia,Difícil
Z,Empieza,Conjunto de organismos animales microscópicos que flotan en el agua (a diferencia del fitoplancton).,Zooplancton,Ciencia,Difícil
Z,Empieza,Punto de la esfera celeste situado verticalmente justo encima del observador (opuesto al Nadir).,Cenit,Ciencia,Difícil